appid,precio,fecha,rese√±as
1000000,9.99,"May 14, 2021",0
1000000,5.55,"May 14, 2021",0
1000000,9.99,"May 14, 2021",0
1000010,4.99,"Oct 16, 2020",4460
1000010,4.19,"Oct 16, 2020",4460
1000010,4.99,"Oct 16, 2020",4460
1000030,4.99,"Oct 14, 2020",1709
1000030,4.33,"Oct 14, 2020",1709
1000030,4.99,"Oct 14, 2020",1709
1000050,0.99,"Jan 21, 2025",0
1000050,0.71,"Jan 21, 2025",0
1000050,0.99,"Jan 21, 2025",0
1000080,1.99,"Jun 24, 2019",1219
1000080,1.54,"Jun 24, 2019",1219
1000080,1.99,"Jun 24, 2019",1219
1000100,12.99,"Jan 24, 2019",0
1000100,6.99,"Jan 24, 2019",0
1000100,12.99,"Jan 24, 2019",0
1000130,2.99,"Jan 6, 2019",0
1000130,2.46,"Jan 6, 2019",0
1000130,2.99,"Jan 6, 2019",0
1000280,13.99,"Sep 9, 2021",0
1000280,8.04,"Sep 9, 2021",0
1000280,13.99,"Sep 9, 2021",0
1000350,0.0,"Jun 24, 2019",0
1000350,0.0,"Jun 24, 2019",0
1000350,0.0,"Jun 24, 2019",0
1000360,17.99,"Feb 16, 2021",7225
1000360,11.97,"Feb 16, 2021",7225
1000360,17.99,"Feb 16, 2021",7225
1000380,0.0,"Feb 1, 2019",0
1000380,0.0,"Feb 1, 2019",0
1000380,0.0,"Feb 1, 2019",0
1000410,24.99,"Feb 27, 2024",1839
1000410,18.5,"Feb 27, 2024",1839
1000410,24.99,"Feb 27, 2024",1839
1000440,12.99,"Feb 2, 2023",397
1000440,9.29,"Feb 2, 2023",397
1000440,12.99,"Feb 2, 2023",397
1000470,6.99,"May 24, 2019",0
1000470,6.21,"May 24, 2019",0
1000470,6.99,"May 24, 2019",0
1000500,12.99,"Dec 5, 2021",0
1000500,10.54,"Dec 5, 2021",0
1000500,12.99,"Dec 5, 2021",0
1000540,0.0,"Mar 21, 2019",0
1000540,0.0,"Mar 21, 2019",0
1000540,0.0,"Mar 21, 2019",0
1000550,0.49,"Feb 20, 2019",0
1000550,0.38,"Feb 20, 2019",0
1000550,0.49,"Feb 20, 2019",0
1000640,9.99,"May 23, 2019",113
1000640,5.48,"May 23, 2019",113
1000640,9.99,"May 23, 2019",113
1000700,14.99,"Jan 7, 2022",156
1000700,10.69,"Jan 7, 2022",156
1000700,14.99,"Jan 7, 2022",156
1000750,19.99,"Apr 1, 2022",0
1000750,16.85,"Apr 1, 2022",0
1000750,19.99,"Apr 1, 2022",0
1000760,19.99,"Mar 1, 2021",1309
1000760,14.51,"Mar 1, 2021",1309
1000760,19.99,"Mar 1, 2021",1309
1000770,11.99,"Oct 7, 2021",199
1000770,6.43,"Oct 7, 2021",199
1000770,11.99,"Oct 7, 2021",199
1000790,0.99,"Jan 1, 2019",0
1000790,0.76,"Jan 1, 2019",0
1000790,0.99,"Jan 1, 2019",0
1000800,0.0,"Jun 16, 2023",0
1000800,0.0,"Jun 16, 2023",0
1000800,0.0,"Jun 16, 2023",0
1000830,0.99,"Jan 8, 2019",136
1000830,0.52,"Jan 8, 2019",136
1000830,0.99,"Jan 8, 2019",136
1000870,0.0,"Dec 22, 2020",0
1000870,0.0,"Dec 22, 2020",0
1000870,0.0,"Dec 22, 2020",0
1000880,3.99,"Sep 10, 2020",0
1000880,2.82,"Sep 10, 2020",0
1000880,3.99,"Sep 10, 2020",0
1000900,0.99,"Jan 10, 2019",0
1000900,0.69,"Jan 10, 2019",0
1000900,0.99,"Jan 10, 2019",0
1001040,19.99,"Dec 19, 2024",173
1001040,11.71,"Dec 19, 2024",173
1001040,19.99,"Dec 19, 2024",173
1001070,0.99,"Feb 22, 2019",115
1001070,0.8,"Feb 22, 2019",115
1001070,0.99,"Feb 22, 2019",115
1001100,15.99,"Oct 9, 2020",0
1001100,8.3,"Oct 9, 2020",0
1001100,15.99,"Oct 9, 2020",0
1001140,19.99,"Feb 7, 2019",309
1001140,11.27,"Feb 7, 2019",309
1001140,19.99,"Feb 7, 2019",309
1001170,0.0,"Jun 25, 2019",0
1001170,0.0,"Jun 25, 2019",0
1001170,0.0,"Jun 25, 2019",0
1001200,0.99,"Jan 31, 2019",0
1001200,0.52,"Jan 31, 2019",0
1001200,0.99,"Jan 31, 2019",0
1001220,14.99,"Jun 2, 2019",240
1001220,7.75,"Jun 2, 2019",240
1001220,14.99,"Jun 2, 2019",240
1001230,12.99,"Jun 14, 2019",0
1001230,9.38,"Jun 14, 2019",0
1001230,12.99,"Jun 14, 2019",0
1001270,17.99,"Jan 19, 2024",6136
1001270,11.7,"Jan 19, 2024",6136
1001270,17.99,"Jan 19, 2024",6136
1001340,0.0,"Jun 24, 2019",0
1001340,0.0,"Jun 24, 2019",0
1001340,0.0,"Jun 24, 2019",0
1001450,1.99,"Jan 22, 2019",0
1001450,1.03,"Jan 22, 2019",0
1001450,1.99,"Jan 22, 2019",0
1001490,7.99,"Dec 20, 2018",0
1001490,6.65,"Dec 20, 2018",0
1001490,7.99,"Dec 20, 2018",0
1001500,6.99,"Jan 11, 2019",0
1001500,3.51,"Jan 11, 2019",0
1001500,6.99,"Jan 11, 2019",0
1001590,4.99,"Jun 21, 2019",0
1001590,3.72,"Jun 21, 2019",0
1001590,4.99,"Jun 21, 2019",0
1001600,4.99,"Jun 14, 2019",0
1001600,2.9,"Jun 14, 2019",0
1001600,4.99,"Jun 14, 2019",0
1001640,9.99,"Mar 26, 2019",0
1001640,6.13,"Mar 26, 2019",0
1001640,9.99,"Mar 26, 2019",0
1001730,2.49,"May 22, 2019",0
1001730,1.97,"May 22, 2019",0
1001730,2.49,"May 22, 2019",0
1001740,4.99,"Nov 18, 2019",0
1001740,3.37,"Nov 18, 2019",0
1001740,4.99,"Nov 18, 2019",0
1001760,0.0,"Mar 7, 2019",0
1001760,0.0,"Mar 7, 2019",0
1001760,0.0,"Mar 7, 2019",0
1001800,16.99,"Feb 6, 2020",423
1001800,10.39,"Feb 6, 2020",423
1001800,16.99,"Feb 6, 2020",423
1001810,0.0,"Mar 29, 2019",0
1001810,0.0,"Mar 29, 2019",0
1001810,0.0,"Mar 29, 2019",0
1001880,1.99,"Dec 28, 2018",0
1001880,1.5,"Dec 28, 2018",0
1001880,1.99,"Dec 28, 2018",0
1001930,4.99,"Nov 12, 2023",0
1001930,3.92,"Nov 12, 2023",0
1001930,4.99,"Nov 12, 2023",0
1001970,8.99,"Mar 24, 2020",0
1001970,7.9,"Mar 24, 2020",0
1001970,8.99,"Mar 24, 2020",0
1001980,12.99,"Sep 11, 2019",0
1001980,9.38,"Sep 11, 2019",0
1001980,12.99,"Sep 11, 2019",0
1002000,14.99,"Aug 4, 2020",0
1002000,11.68,"Aug 4, 2020",0
1002000,14.99,"Aug 4, 2020",0
1002020,0.0,"Apr 15, 2019",0
1002020,0.0,"Apr 15, 2019",0
1002020,0.0,"Apr 15, 2019",0
1002030,0.59,"Jan 23, 2019",0
1002030,0.32,"Jan 23, 2019",0
1002030,0.59,"Jan 23, 2019",0
1002100,14.99,"Feb 8, 2019",0
1002100,10.7,"Feb 8, 2019",0
1002100,14.99,"Feb 8, 2019",0
1002200,8.99,"Apr 15, 2019",0
1002200,5.82,"Apr 15, 2019",0
1002200,8.99,"Apr 15, 2019",0
1002210,2.99,"Jan 14, 2019",0
1002210,1.62,"Jan 14, 2019",0
1002210,2.99,"Jan 14, 2019",0
1002260,19.99,"Jun 26, 2025",141
1002260,17.6,"Jun 26, 2025",141
1002260,19.99,"Jun 26, 2025",141
1002270,0.99,"May 20, 2019",0
1002270,0.54,"May 20, 2019",0
1002270,0.99,"May 20, 2019",0
1002300,7.99,"Jan 21, 2019",17672
1002300,5.41,"Jan 21, 2019",17672
1002300,7.99,"Jan 21, 2019",17672
1002360,0.99,"Jan 21, 2019",0
1002360,0.89,"Jan 21, 2019",0
1002360,0.99,"Jan 21, 2019",0
1002410,0.0,"Jul 30, 2019",0
1002410,0.0,"Jul 30, 2019",0
1002410,0.0,"Jul 30, 2019",0
1002420,7.99,"Mar 20, 2019",0
1002420,4.24,"Mar 20, 2019",0
1002420,7.99,"Mar 20, 2019",0
1002430,19.99,"Mar 10, 2020",176
1002430,10.8,"Mar 10, 2020",176
1002430,19.99,"Mar 10, 2020",176
1002440,7.99,"Nov 14, 2019",0
1002440,4.74,"Nov 14, 2019",0
1002440,7.99,"Nov 14, 2019",0
1002480,0.0,"Mar 19, 2021",0
1002480,0.0,"Mar 19, 2021",0
1002480,0.0,"Mar 19, 2021",0
1002490,1.99,"Dec 31, 2018",0
1002490,1.38,"Dec 31, 2018",0
1002490,1.99,"Dec 31, 2018",0
1002540,9.99,"Feb 14, 2019",0
1002540,5.87,"Feb 14, 2019",0
1002540,9.99,"Feb 14, 2019",0
1002560,2.39,"Feb 27, 2019",3859
1002560,1.46,"Feb 27, 2019",3859
1002560,2.39,"Feb 27, 2019",3859
1002580,3.99,"May 8, 2019",0
1002580,3.23,"May 8, 2019",0
1002580,3.99,"May 8, 2019",0
1002590,3.99,"Oct 11, 2022",0
1002590,2.58,"Oct 11, 2022",0
1002590,3.99,"Oct 11, 2022",0
1002610,0.0,"Jan 25, 2019",0
1002610,0.0,"Jan 25, 2019",0
1002610,0.0,"Jan 25, 2019",0
1008850,5.99,"Jan 21, 2019",0
1008850,3.57,"Jan 21, 2019",0
1008850,5.99,"Jan 21, 2019",0
1008860,17.99,"Jun 5, 2023",298
1008860,11.6,"Jun 5, 2023",298
1008860,17.99,"Jun 5, 2023",298
1008970,4.99,"Feb 14, 2019",0
1008970,4.0,"Feb 14, 2019",0
1008970,4.99,"Feb 14, 2019",0
1009030,0.99,"Jan 20, 2019",0
1009030,0.78,"Jan 20, 2019",0
1009030,0.99,"Jan 20, 2019",0
1009070,0.0,"Jan 31, 2019",0
1009070,0.0,"Jan 31, 2019",0
1009070,0.0,"Jan 31, 2019",0
1009150,0.0,"Feb 1, 2019",0
1009150,0.0,"Feb 1, 2019",0
1009150,0.0,"Feb 1, 2019",0
1009180,1.99,"Feb 5, 2019",0
1009180,1.68,"Feb 5, 2019",0
1009180,1.99,"Feb 5, 2019",0
1009230,1.99,"Feb 6, 2019",0
1009230,1.31,"Feb 6, 2019",0
1009230,1.99,"Feb 6, 2019",0
1009240,0.9,"Jun 24, 2019",0
1009240,0.8,"Jun 24, 2019",0
1009240,0.9,"Jun 24, 2019",0
1009260,1.99,"Sep 20, 2021",0
1009260,1.12,"Sep 20, 2021",0
1009260,1.99,"Sep 20, 2021",0
1009290,59.99,"Jul 9, 2020",4985
1009290,53.96,"Jul 9, 2020",4985
1009290,59.99,"Jul 9, 2020",4985
1009300,0.99,"Jan 25, 2019",0
1009300,0.82,"Jan 25, 2019",0
1009300,0.99,"Jan 25, 2019",0
1009350,3.99,"Apr 8, 2019",0
1009350,3.41,"Apr 8, 2019",0
1009350,3.99,"Apr 8, 2019",0
1009360,8.99,"Jul 15, 2024",0
1009360,7.35,"Jul 15, 2024",0
1009360,8.99,"Jul 15, 2024",0
1009370,9.99,"Mar 4, 2019",0
1009370,7.7,"Mar 4, 2019",0
1009370,9.99,"Mar 4, 2019",0
1009390,9.99,"Feb 8, 2019",0
1009390,7.98,"Feb 8, 2019",0
1009390,9.99,"Feb 8, 2019",0
1009450,29.99,"May 31, 2019",237
1009450,23.87,"May 31, 2019",237
1009450,29.99,"May 31, 2019",237
1009460,29.99,"Apr 18, 2019",0
1009460,25.91,"Apr 18, 2019",0
1009460,29.99,"Apr 18, 2019",0
1009560,19.99,"Oct 20, 2022",6831
1009560,12.4,"Oct 20, 2022",6831
1009560,19.99,"Oct 20, 2022",6831
1009590,6.99,"Apr 3, 2019",0
1009590,4.23,"Apr 3, 2019",0
1009590,6.99,"Apr 3, 2019",0
1009700,9.99,"Feb 14, 2019",0
1009700,8.7,"Feb 14, 2019",0
1009700,9.99,"Feb 14, 2019",0
1009750,1.99,"Jul 25, 2019",136
1009750,1.23,"Jul 25, 2019",136
1009750,1.99,"Jul 25, 2019",136
1009890,14.99,"Aug 30, 2019",0
1009890,9.69,"Aug 30, 2019",0
1009890,14.99,"Aug 30, 2019",0
1009920,4.99,"Jun 30, 2020",0
1009920,3.24,"Jun 30, 2020",0
1009920,4.99,"Jun 30, 2020",0
1009950,0.0,"Jan 23, 2019",0
1009950,0.0,"Jan 23, 2019",0
1009950,0.0,"Jan 23, 2019",0
1009960,9.99,"Feb 7, 2023",0
1009960,8.33,"Feb 7, 2023",0
1009960,9.99,"Feb 7, 2023",0
1009990,0.0,"Feb 2, 2019",0
1009990,0.0,"Feb 2, 2019",0
1009990,0.0,"Feb 2, 2019",0
1010040,4.99,"Jul 12, 2024",0
1010040,3.56,"Jul 12, 2024",0
1010040,4.99,"Jul 12, 2024",0
1010070,0.79,"Jan 22, 2019",0
1010070,0.53,"Jan 22, 2019",0
1010070,0.79,"Jan 22, 2019",0
1010150,0.99,"Jan 19, 2019",0
1010150,0.77,"Jan 19, 2019",0
1010150,0.99,"Jan 19, 2019",0
1010180,0.0,"Feb 19, 2019",0
1010180,0.0,"Feb 19, 2019",0
1010180,0.0,"Feb 19, 2019",0
1010260,1.24,"Jun 4, 2019",0
1010260,0.77,"Jun 4, 2019",0
1010260,1.24,"Jun 4, 2019",0
1010270,14.99,"May 15, 2019",250
1010270,13.25,"May 15, 2019",250
1010270,14.99,"May 15, 2019",250
1010520,1.99,"Feb 28, 2020",0
1010520,1.53,"Feb 28, 2020",0
1010520,1.99,"Feb 28, 2020",0
1010540,1.99,"Jan 28, 2019",0
1010540,1.35,"Jan 28, 2019",0
1010540,1.99,"Jan 28, 2019",0
1010600,9.99,"Jun 17, 2019",317
1010600,5.35,"Jun 17, 2019",317
1010600,9.99,"Jun 17, 2019",317
1010750,9.99,"May 9, 2019",6275
1010750,6.68,"May 9, 2019",6275
1010750,9.99,"May 9, 2019",6275
1010830,4.99,"Feb 1, 2019",0
1010830,3.57,"Feb 1, 2019",0
1010830,4.99,"Feb 1, 2019",0
1010850,0.0,"Apr 8, 2024",0
1010850,0.0,"Apr 8, 2024",0
1010850,0.0,"Apr 8, 2024",0
1010870,1.99,"Feb 28, 2019",523
1010870,1.27,"Feb 28, 2019",523
1010870,1.99,"Feb 28, 2019",523
1010890,0.0,"Jul 19, 2019",0
1010890,0.0,"Jul 19, 2019",0
1010890,0.0,"Jul 19, 2019",0
1010950,2.99,"Feb 5, 2019",0
1010950,2.37,"Feb 5, 2019",0
1010950,2.99,"Feb 5, 2019",0
1011030,2.99,"Feb 20, 2019",0
1011030,2.13,"Feb 20, 2019",0
1011030,2.99,"Feb 20, 2019",0
1011070,12.99,"Jan 30, 2019",0
1011070,8.11,"Jan 30, 2019",0
1011070,12.99,"Jan 30, 2019",0
1011090,4.99,"May 9, 2019",0
1011090,3.63,"May 9, 2019",0
1011090,4.99,"May 9, 2019",0
1011130,0.99,"Feb 4, 2019",0
1011130,0.72,"Feb 4, 2019",0
1011130,0.99,"Feb 4, 2019",0
1011190,7.99,"Jan 30, 2020",1324
1011190,4.62,"Jan 30, 2020",1324
1011190,7.99,"Jan 30, 2020",1324
1011230,0.0,"Jun 24, 2019",0
1011230,0.0,"Jun 24, 2019",0
1011230,0.0,"Jun 24, 2019",0
1011240,0.99,"Jan 31, 2019",0
1011240,0.66,"Jan 31, 2019",0
1011240,0.99,"Jan 31, 2019",0
1011290,19.99,"May 28, 2020",186
1011290,13.24,"May 28, 2020",186
1011290,19.99,"May 28, 2020",186
1011310,2.99,"Feb 4, 2019",0
1011310,2.44,"Feb 4, 2019",0
1011310,2.99,"Feb 4, 2019",0
1011320,9.99,"Nov 25, 2020",0
1011320,8.53,"Nov 25, 2020",0
1011320,9.99,"Nov 25, 2020",0
1011390,39.99,"Jul 11, 2019",722
1011390,32.45,"Jul 11, 2019",722
1011390,39.99,"Jul 11, 2019",722
1011420,19.99,"May 14, 2020",101
1011420,15.81,"May 14, 2020",101
1011420,19.99,"May 14, 2020",101
1011510,0.0,"Feb 7, 2019",0
1011510,0.0,"Feb 7, 2019",0
1011510,0.0,"Feb 7, 2019",0
1011550,0.49,"Jan 25, 2019",0
1011550,0.39,"Jan 25, 2019",0
1011550,0.49,"Jan 25, 2019",0
1011590,24.99,"Apr 14, 2025",320
1011590,21.21,"Apr 14, 2025",320
1011590,24.99,"Apr 14, 2025",320
1011610,19.99,"Apr 9, 2020",493
1011610,11.01,"Apr 9, 2020",493
1011610,19.99,"Apr 9, 2020",493
1011620,4.99,"Feb 22, 2019",0
1011620,4.2,"Feb 22, 2019",0
1011620,4.99,"Feb 22, 2019",0
1011630,9.99,"Feb 7, 2019",0
1011630,5.25,"Feb 7, 2019",0
1011630,9.99,"Feb 7, 2019",0
1011670,2.99,"Apr 1, 2021",1488
1011670,2.59,"Apr 1, 2021",1488
1011670,2.99,"Apr 1, 2021",1488
1011700,9.99,"Mar 18, 2019",0
1011700,8.48,"Mar 18, 2019",0
1011700,9.99,"Mar 18, 2019",0
1011740,0.99,"Apr 5, 2019",0
1011740,0.82,"Apr 5, 2019",0
1011740,0.99,"Apr 5, 2019",0
1011830,2.99,"Dec 13, 2019",0
1011830,1.89,"Dec 13, 2019",0
1011830,2.99,"Dec 13, 2019",0
1012110,19.99,"Dec 16, 2022",1687
1012110,13.27,"Dec 16, 2022",1687
1012110,19.99,"Dec 16, 2022",1687
1012120,3.99,"Jan 30, 2019",0
1012120,2.5,"Jan 30, 2019",0
1012120,3.99,"Jan 30, 2019",0
1012140,0.0,"Jun 24, 2019",0
1012140,0.0,"Jun 24, 2019",0
1012140,0.0,"Jun 24, 2019",0
1012160,0.99,"Feb 13, 2019",0
1012160,0.64,"Feb 13, 2019",0
1012160,0.99,"Feb 13, 2019",0
1012330,7.99,"May 27, 2022",0
1012330,5.49,"May 27, 2022",0
1012330,7.99,"May 27, 2022",0
1012360,14.99,"Aug 6, 2019",0
1012360,10.2,"Aug 6, 2019",0
1012360,14.99,"Aug 6, 2019",0
1012460,0.99,"Mar 25, 2019",199
1012460,0.82,"Mar 25, 2019",199
1012460,0.99,"Mar 25, 2019",199
1012530,0.99,"Aug 6, 2020",0
1012530,0.75,"Aug 6, 2020",0
1012530,0.99,"Aug 6, 2020",0
1012560,9.99,"May 10, 2019",2316
1012560,5.08,"May 10, 2019",2316
1012560,9.99,"May 10, 2019",2316
1012570,19.99,"Nov 22, 2023",501
1012570,15.15,"Nov 22, 2023",501
1012570,19.99,"Nov 22, 2023",501
1012580,34.99,"Nov 26, 2019",0
1012580,27.67,"Nov 26, 2019",0
1012580,34.99,"Nov 26, 2019",0
1012600,3.99,"Feb 6, 2019",0
1012600,2.35,"Feb 6, 2019",0
1012600,3.99,"Feb 6, 2019",0
1012630,0.89,"May 6, 2019",1091
1012630,0.45,"May 6, 2019",1091
1012630,0.89,"May 6, 2019",1091
1012650,7.99,"Feb 7, 2019",0
1012650,5.75,"Feb 7, 2019",0
1012650,7.99,"Feb 7, 2019",0
1012670,0.99,"Dec 31, 2019",0
1012670,0.62,"Dec 31, 2019",0
1012670,0.99,"Dec 31, 2019",0
1012790,29.99,"Jul 20, 2020",9445
1012790,26.57,"Jul 20, 2020",9445
1012790,29.99,"Jul 20, 2020",9445
1012820,0.0,"Jun 24, 2019",0
1012820,0.0,"Jun 24, 2019",0
1012820,0.0,"Jun 24, 2019",0
1012840,24.99,"Oct 22, 2019",2111
1012840,20.5,"Oct 22, 2019",2111
1012840,24.99,"Oct 22, 2019",2111
1012850,4.99,"Jan 13, 2022",0
1012850,3.6,"Jan 13, 2022",0
1012850,4.99,"Jan 13, 2022",0
1012860,0.55,"Jan 25, 2019",0
1012860,0.29,"Jan 25, 2019",0
1012860,0.55,"Jan 25, 2019",0
1012880,9.99,"Jul 25, 2019",16849
1012880,7.69,"Jul 25, 2019",16849
1012880,9.99,"Jul 25, 2019",16849
1012900,11.99,"Jan 30, 2019",115
1012900,8.43,"Jan 30, 2019",115
1012900,11.99,"Jan 30, 2019",115
1012970,3.99,"Aug 12, 2019",0
1012970,2.59,"Aug 12, 2019",0
1012970,3.99,"Aug 12, 2019",0
1013000,0.99,"Sep 1, 2023",0
1013000,0.51,"Sep 1, 2023",0
1013000,0.99,"Sep 1, 2023",0
1013040,9.99,"Jul 11, 2019",0
1013040,6.55,"Jul 11, 2019",0
1013040,9.99,"Jul 11, 2019",0
1013070,2.99,"Feb 4, 2019",0
1013070,1.67,"Feb 4, 2019",0
1013070,2.99,"Feb 4, 2019",0
1013100,2.99,"Jul 14, 2019",0
1013100,2.3,"Jul 14, 2019",0
1013100,2.99,"Jul 14, 2019",0
1013130,1.99,"Apr 4, 2019",0
1013130,1.44,"Apr 4, 2019",0
1013130,1.99,"Apr 4, 2019",0
1013140,39.99,"Mar 15, 2024",1020
1013140,28.2,"Mar 15, 2024",1020
1013140,39.99,"Mar 15, 2024",1020
1013200,3.99,"Dec 14, 2019",0
1013200,2.19,"Dec 14, 2019",0
1013200,3.99,"Dec 14, 2019",0
1013220,14.99,"Jul 20, 2022",251
1013220,8.3,"Jul 20, 2022",251
1013220,14.99,"Jul 20, 2022",251
1013280,4.99,"Mar 13, 2019",0
1013280,3.91,"Mar 13, 2019",0
1013280,4.99,"Mar 13, 2019",0
1013290,13.99,"Jun 5, 2019",0
1013290,8.26,"Jun 5, 2019",0
1013290,13.99,"Jun 5, 2019",0
1013310,0.0,"Aug 20, 2020",431
1013310,0.0,"Aug 20, 2020",431
1013310,0.0,"Aug 20, 2020",431
1013320,0.0,"Apr 1, 2024",0
1013320,0.0,"Apr 1, 2024",0
1013320,0.0,"Apr 1, 2024",0
1013450,14.99,"May 29, 2025",0
1013450,11.3,"May 29, 2025",0
1013450,14.99,"May 29, 2025",0
1013540,14.99,"Feb 14, 2019",348
1013540,12.54,"Feb 14, 2019",348
1013540,14.99,"Feb 14, 2019",348
1013580,0.99,"Feb 11, 2019",0
1013580,0.58,"Feb 11, 2019",0
1013580,0.99,"Feb 11, 2019",0
1013600,9.99,"Jan 17, 2020",0
1013600,8.26,"Jan 17, 2020",0
1013600,9.99,"Jan 17, 2020",0
1013650,4.99,"Mar 1, 2019",0
1013650,3.87,"Mar 1, 2019",0
1013650,4.99,"Mar 1, 2019",0
1013660,13.99,"Mar 11, 2019",0
1013660,11.15,"Mar 11, 2019",0
1013660,13.99,"Mar 11, 2019",0
1013670,2.99,"Jul 10, 2019",0
1013670,2.14,"Jul 10, 2019",0
1013670,2.99,"Jul 10, 2019",0
1013730,0.0,"Jun 24, 2019",0
1013730,0.0,"Jun 24, 2019",0
1013730,0.0,"Jun 24, 2019",0
1013750,6.99,"May 6, 2019",542
1013750,4.9,"May 6, 2019",542
1013750,6.99,"May 6, 2019",542
1013790,3.99,"Mar 12, 2019",0
1013790,3.42,"Mar 12, 2019",0
1013790,3.99,"Mar 12, 2019",0
1013810,1.99,"Jul 18, 2019",0
1013810,1.38,"Jul 18, 2019",0
1013810,1.99,"Jul 18, 2019",0
1013820,1.99,"Mar 22, 2020",0
1013820,1.79,"Mar 22, 2020",0
1013820,1.99,"Mar 22, 2020",0
1013890,0.99,"Feb 7, 2019",0
1013890,0.57,"Feb 7, 2019",0
1013890,0.99,"Feb 7, 2019",0
1013910,19.99,"Apr 7, 2021",194
1013910,16.15,"Apr 7, 2021",194
1013910,19.99,"Apr 7, 2021",194
1013940,5.99,"Feb 6, 2019",0
1013940,4.21,"Feb 6, 2019",0
1013940,5.99,"Feb 6, 2019",0
1014020,0.0,"Mar 14, 2019",0
1014020,0.0,"Mar 14, 2019",0
1014020,0.0,"Mar 14, 2019",0
1014040,7.99,"Feb 4, 2020",366
1014040,6.48,"Feb 4, 2020",366
1014040,7.99,"Feb 4, 2020",366
1014050,19.99,"Jan 31, 2020",0
1014050,12.53,"Jan 31, 2020",0
1014050,19.99,"Jan 31, 2020",0
1014110,9.99,"Feb 10, 2020",0
1014110,5.22,"Feb 10, 2020",0
1014110,9.99,"Feb 10, 2020",0
1014130,5.99,"May 20, 2019",117
1014130,4.89,"May 20, 2019",117
1014130,5.99,"May 20, 2019",117
1014140,7.99,"Feb 20, 2019",222
1014140,5.5,"Feb 20, 2019",222
1014140,7.99,"Feb 20, 2019",222
1014260,19.99,"Oct 16, 2024",0
1014260,17.63,"Oct 16, 2024",0
1014260,19.99,"Oct 16, 2024",0
1014270,2.49,"Apr 11, 2019",0
1014270,1.72,"Apr 11, 2019",0
1014270,2.49,"Apr 11, 2019",0
1014360,7.99,"Mar 26, 2020",0
1014360,5.13,"Mar 26, 2020",0
1014360,7.99,"Mar 26, 2020",0
1014420,2.99,"Feb 13, 2019",0
1014420,1.72,"Feb 13, 2019",0
1014420,2.99,"Feb 13, 2019",0
1014440,0.0,"Jun 24, 2019",0
1014440,0.0,"Jun 24, 2019",0
1014440,0.0,"Jun 24, 2019",0
1014470,7.99,"Feb 5, 2019",0
1014470,5.54,"Feb 5, 2019",0
1014470,7.99,"Feb 5, 2019",0
1014480,0.0,"Jun 24, 2019",0
1014480,0.0,"Jun 24, 2019",0
1014480,0.0,"Jun 24, 2019",0
1014560,5.99,"Feb 15, 2019",0
1014560,4.91,"Feb 15, 2019",0
1014560,5.99,"Feb 15, 2019",0
1014580,9.99,"Aug 7, 2020",0
1014580,7.8,"Aug 7, 2020",0
1014580,9.99,"Aug 7, 2020",0
1014590,0.99,"Feb 6, 2019",0
1014590,0.57,"Feb 6, 2019",0
1014590,0.99,"Feb 6, 2019",0
1014660,3.99,"Feb 1, 2019",0
1014660,2.67,"Feb 1, 2019",0
1014660,3.99,"Feb 1, 2019",0
1014710,19.99,"Feb 7, 2019",0
1014710,10.44,"Feb 7, 2019",0
1014710,19.99,"Feb 7, 2019",0
1014730,7.99,"May 16, 2019",207
1014730,5.63,"May 16, 2019",207
1014730,7.99,"May 16, 2019",207
1014750,4.99,"Nov 15, 2019",0
1014750,3.2,"Nov 15, 2019",0
1014750,4.99,"Nov 15, 2019",0
1014790,9.99,"Jun 3, 2019",0
1014790,8.49,"Jun 3, 2019",0
1014790,9.99,"Jun 3, 2019",0
1014810,4.99,"May 16, 2019",121
1014810,3.59,"May 16, 2019",121
1014810,4.99,"May 16, 2019",121
1014840,0.99,"Jan 29, 2019",0
1014840,0.86,"Jan 29, 2019",0
1014840,0.99,"Jan 29, 2019",0
1014850,4.99,"Aug 27, 2020",0
1014850,4.05,"Aug 27, 2020",0
1014850,4.99,"Aug 27, 2020",0
1014900,7.99,"Feb 15, 2019",0
1014900,6.66,"Feb 15, 2019",0
1014900,7.99,"Feb 15, 2019",0
1014940,0.0,"Jun 12, 2020",0
1014940,0.0,"Jun 12, 2020",0
1014940,0.0,"Jun 12, 2020",0
1015020,1.99,"Aug 14, 2019",162
1015020,1.79,"Aug 14, 2019",162
1015020,1.99,"Aug 14, 2019",162
1015080,3.99,"May 24, 2019",0
1015080,3.59,"May 24, 2019",0
1015080,3.99,"May 24, 2019",0
1015090,11.99,"Sep 6, 2019",162
1015090,8.1,"Sep 6, 2019",162
1015090,11.99,"Sep 6, 2019",162
1015100,6.99,"May 1, 2019",0
1015100,3.93,"May 1, 2019",0
1015100,6.99,"May 1, 2019",0
1015120,34.99,"Apr 30, 2019",0
1015120,28.87,"Apr 30, 2019",0
1015120,34.99,"Apr 30, 2019",0
1015130,9.99,"Feb 28, 2019",217
1015130,7.04,"Feb 28, 2019",217
1015130,9.99,"Feb 28, 2019",217
1015140,9.99,"Oct 21, 2020",866
1015140,7.31,"Oct 21, 2020",866
1015140,9.99,"Oct 21, 2020",866
1015180,0.49,"Feb 6, 2021",0
1015180,0.25,"Feb 6, 2021",0
1015180,0.49,"Feb 6, 2021",0
1015190,0.0,"Aug 26, 2022",0
1015190,0.0,"Aug 26, 2022",0
1015190,0.0,"Aug 26, 2022",0
1015290,4.99,"Dec 2, 2019",0
1015290,3.19,"Dec 2, 2019",0
1015290,4.99,"Dec 2, 2019",0
1015350,0.99,"Feb 27, 2019",0
1015350,0.83,"Feb 27, 2019",0
1015350,0.99,"Feb 27, 2019",0
1015430,7.99,"Feb 14, 2019",0
1015430,5.16,"Feb 14, 2019",0
1015430,7.99,"Feb 14, 2019",0
1015480,14.99,"Dec 20, 2024",130
1015480,8.76,"Dec 20, 2024",130
1015480,14.99,"Dec 20, 2024",130
1015500,0.0,"Oct 21, 2019",3902
1015500,0.0,"Oct 21, 2019",3902
1015500,0.0,"Oct 21, 2019",3902
1015510,0.0,"Jun 24, 2019",0
1015510,0.0,"Jun 24, 2019",0
1015510,0.0,"Jun 24, 2019",0
1015620,0.0,"Jun 24, 2019",0
1015620,0.0,"Jun 24, 2019",0
1015620,0.0,"Jun 24, 2019",0
1015700,0.99,"Feb 18, 2025",0
1015700,0.84,"Feb 18, 2025",0
1015700,0.99,"Feb 18, 2025",0
1015790,7.49,"Apr 9, 2020",331
1015790,4.33,"Apr 9, 2020",331
1015790,7.49,"Apr 9, 2020",331
1015890,19.99,"Apr 13, 2021",499
1015890,11.4,"Apr 13, 2021",499
1015890,19.99,"Apr 13, 2021",499
1015920,5.19,"Jun 5, 2021",289
1015920,4.65,"Jun 5, 2021",289
1015920,5.19,"Jun 5, 2021",289
1015940,5.99,"Sep 17, 2020",225
1015940,4.84,"Sep 17, 2020",225
1015940,5.99,"Sep 17, 2020",225
1016000,9.99,"Feb 16, 2021",0
1016000,8.9,"Feb 16, 2021",0
1016000,9.99,"Feb 16, 2021",0
1016010,4.99,"Feb 20, 2019",0
1016010,3.85,"Feb 20, 2019",0
1016010,4.99,"Feb 20, 2019",0
1016020,0.0,"Jun 24, 2019",0
1016020,0.0,"Jun 24, 2019",0
1016020,0.0,"Jun 24, 2019",0
1016060,0.0,"Jun 24, 2019",0
1016060,0.0,"Jun 24, 2019",0
1016060,0.0,"Jun 24, 2019",0
1016100,9.99,"Feb 28, 2019",0
1016100,5.28,"Feb 28, 2019",0
1016100,9.99,"Feb 28, 2019",0
1016110,0.0,"Feb 7, 2019",0
1016110,0.0,"Feb 7, 2019",0
1016110,0.0,"Feb 7, 2019",0
1016120,0.0,"Aug 20, 2020",5312
1016120,0.0,"Aug 20, 2020",5312
1016120,0.0,"Aug 20, 2020",5312
1016180,14.99,"Oct 17, 2022",723
1016180,7.84,"Oct 17, 2022",723
1016180,14.99,"Oct 17, 2022",723
1016250,0.49,"Feb 1, 2019",163
1016250,0.31,"Feb 1, 2019",163
1016250,0.49,"Feb 1, 2019",163
1016350,0.0,"Feb 1, 2019",0
1016350,0.0,"Feb 1, 2019",0
1016350,0.0,"Feb 1, 2019",0
1016360,19.99,"Feb 2, 2023",354
1016360,13.93,"Feb 2, 2023",354
1016360,19.99,"Feb 2, 2023",354
1016420,4.99,"Feb 27, 2019",0
1016420,3.54,"Feb 27, 2019",0
1016420,4.99,"Feb 27, 2019",0
1016430,2.99,"Aug 1, 2019",0
1016430,2.35,"Aug 1, 2019",0
1016430,2.99,"Aug 1, 2019",0
1016600,14.99,"Apr 22, 2021",2701
1016600,10.81,"Apr 22, 2021",2701
1016600,14.99,"Apr 22, 2021",2701
1016610,1.99,"Mar 14, 2019",0
1016610,1.25,"Mar 14, 2019",0
1016610,1.99,"Mar 14, 2019",0
1016630,4.99,"Mar 14, 2019",0
1016630,2.81,"Mar 14, 2019",0
1016630,4.99,"Mar 14, 2019",0
1016690,9.99,"Feb 22, 2019",0
1016690,8.41,"Feb 22, 2019",0
1016690,9.99,"Feb 22, 2019",0
1016720,11.99,"Apr 18, 2019",115
1016720,6.23,"Apr 18, 2019",115
1016720,11.99,"Apr 18, 2019",115
1016730,19.99,"Jun 9, 2020",857
1016730,16.98,"Jun 9, 2020",857
1016730,19.99,"Jun 9, 2020",857
1016760,0.0,"Jun 18, 2019",0
1016760,0.0,"Jun 18, 2019",0
1016760,0.0,"Jun 18, 2019",0
1016770,1.29,"Dec 5, 2019",304
1016770,1.14,"Dec 5, 2019",304
1016770,1.29,"Dec 5, 2019",304
1016790,19.99,"Jun 18, 2020",1205
1016790,13.17,"Jun 18, 2020",1205
1016790,19.99,"Jun 18, 2020",1205
1016800,29.99,"Jul 28, 2021",12028
1016800,22.97,"Jul 28, 2021",12028
1016800,29.99,"Jul 28, 2021",12028
1016920,19.99,"Sep 23, 2020",13320
1016920,17.83,"Sep 23, 2020",13320
1016920,19.99,"Sep 23, 2020",13320
1016930,0.99,"Aug 14, 2019",676
1016930,0.77,"Aug 14, 2019",676
1016930,0.99,"Aug 14, 2019",676
1016940,15.99,"Jul 2, 2020",0
1016940,8.58,"Jul 2, 2020",0
1016940,15.99,"Jul 2, 2020",0
1016950,29.99,"Feb 23, 2023",3645
1016950,21.18,"Feb 23, 2023",3645
1016950,29.99,"Feb 23, 2023",3645
1016960,29.99,"Jun 20, 2019",860
1016960,16.2,"Jun 20, 2019",860
1016960,29.99,"Jun 20, 2019",860
1016980,19.99,"Oct 24, 2019",0
1016980,17.9,"Oct 24, 2019",0
1016980,19.99,"Oct 24, 2019",0
1017100,0.0,"Sep 10, 2019",0
1017100,0.0,"Sep 10, 2019",0
1017100,0.0,"Sep 10, 2019",0
1017160,6.24,"Oct 1, 2021",0
1017160,5.17,"Oct 1, 2021",0
1017160,6.24,"Oct 1, 2021",0
1017270,2.99,"Feb 28, 2019",0
1017270,2.51,"Feb 28, 2019",0
1017270,2.99,"Feb 28, 2019",0
1017340,0.0,"Sep 4, 2023",0
1017340,0.0,"Sep 4, 2023",0
1017340,0.0,"Sep 4, 2023",0
1017350,0.55,"Feb 1, 2019",0
1017350,0.44,"Feb 1, 2019",0
1017350,0.55,"Feb 1, 2019",0
1017520,0.99,"Mar 19, 2019",117
1017520,0.71,"Mar 19, 2019",117
1017520,0.99,"Mar 19, 2019",117
1017580,1.99,"Mar 22, 2019",0
1017580,1.52,"Mar 22, 2019",0
1017580,1.99,"Mar 22, 2019",0
1017590,0.0,"Jun 24, 2019",0
1017590,0.0,"Jun 24, 2019",0
1017590,0.0,"Jun 24, 2019",0
1017610,0.69,"Feb 21, 2019",0
1017610,0.57,"Feb 21, 2019",0
1017610,0.69,"Feb 21, 2019",0
1017630,1.99,"Mar 26, 2019",0
1017630,1.77,"Mar 26, 2019",0
1017630,1.99,"Mar 26, 2019",0
1017650,4.99,"Apr 9, 2019",0
1017650,4.4,"Apr 9, 2019",0
1017650,4.99,"Apr 9, 2019",0
1017750,1.99,"Aug 1, 2019",0
1017750,1.45,"Aug 1, 2019",0
1017750,1.99,"Aug 1, 2019",0
1017800,2.99,"Feb 24, 2019",0
1017800,2.61,"Feb 24, 2019",0
1017800,2.99,"Feb 24, 2019",0
1017820,5.99,"Dec 11, 2020",0
1017820,5.18,"Dec 11, 2020",0
1017820,5.99,"Dec 11, 2020",0
1017860,0.0,"Jun 24, 2019",0
1017860,0.0,"Jun 24, 2019",0
1017860,0.0,"Jun 24, 2019",0
1017900,4.99,"Aug 19, 2019",13482
1017900,3.97,"Aug 19, 2019",13482
1017900,4.99,"Aug 19, 2019",13482
1017940,2.99,"Feb 21, 2019",0
1017940,1.78,"Feb 21, 2019",0
1017940,2.99,"Feb 21, 2019",0
1018000,7.99,"Apr 18, 2019",324
1018000,6.35,"Apr 18, 2019",324
1018000,7.99,"Apr 18, 2019",324
1018010,7.99,"May 16, 2019",1618
1018010,4.01,"May 16, 2019",1618
1018010,7.99,"May 16, 2019",1618
1018020,7.99,"Jun 11, 2019",1100
1018020,6.16,"Jun 11, 2019",1100
1018020,7.99,"Jun 11, 2019",1100
1018130,4.99,"Feb 19, 2019",0
1018130,2.9,"Feb 19, 2019",0
1018130,4.99,"Feb 19, 2019",0
1018160,2.49,"Aug 27, 2019",920
1018160,1.47,"Aug 27, 2019",920
1018160,2.49,"Aug 27, 2019",920
1018170,3.99,"May 16, 2019",0
1018170,2.14,"May 16, 2019",0
1018170,3.99,"May 16, 2019",0
1018240,5.99,"Sep 25, 2019",0
1018240,4.73,"Sep 25, 2019",0
1018240,5.99,"Sep 25, 2019",0
1018270,6.99,"Nov 1, 2019",0
1018270,3.77,"Nov 1, 2019",0
1018270,6.99,"Nov 1, 2019",0
1018420,0.99,"Mar 22, 2019",0
1018420,0.86,"Mar 22, 2019",0
1018420,0.99,"Mar 22, 2019",0
1018700,4.99,"Sep 8, 2019",0
1018700,2.9,"Sep 8, 2019",0
1018700,4.99,"Sep 8, 2019",0
1018720,19.99,"Feb 26, 2019",0
1018720,11.77,"Feb 26, 2019",0
1018720,19.99,"Feb 26, 2019",0
1018800,14.99,"Nov 23, 2021",4131
1018800,9.76,"Nov 23, 2021",4131
1018800,14.99,"Nov 23, 2021",4131
1018810,4.99,"Apr 19, 2019",0
1018810,2.97,"Apr 19, 2019",0
1018810,4.99,"Apr 19, 2019",0
1018820,3.99,"Feb 16, 2019",0
1018820,2.15,"Feb 16, 2019",0
1018820,3.99,"Feb 16, 2019",0
1018830,14.99,"Apr 2, 2021",2737
1018830,9.33,"Apr 2, 2021",2737
1018830,14.99,"Apr 2, 2021",2737
1018850,12.99,"May 31, 2019",1994
1018850,7.2,"May 31, 2019",1994
1018850,12.99,"May 31, 2019",1994
1018860,14.99,"Mar 4, 2020",0
1018860,7.6,"Mar 4, 2020",0
1018860,14.99,"Mar 4, 2020",0
1018900,3.99,"Mar 13, 2019",0
1018900,3.48,"Mar 13, 2019",0
1018900,3.99,"Mar 13, 2019",0
1018950,0.0,"Oct 15, 2020",0
1018950,0.0,"Oct 15, 2020",0
1018950,0.0,"Oct 15, 2020",0
1018960,9.99,"May 18, 2021",0
1018960,7.01,"May 18, 2021",0
1018960,9.99,"May 18, 2021",0
1018980,0.0,"Feb 6, 2019",0
1018980,0.0,"Feb 6, 2019",0
1018980,0.0,"Feb 6, 2019",0
1019050,4.99,"Oct 13, 2023",0
1019050,3.14,"Oct 13, 2023",0
1019050,4.99,"Oct 13, 2023",0
1019060,0.99,"Mar 8, 2019",0
1019060,0.59,"Mar 8, 2019",0
1019060,0.99,"Mar 8, 2019",0
1019070,3.99,"Feb 20, 2019",0
1019070,3.15,"Feb 20, 2019",0
1019070,3.99,"Feb 20, 2019",0
1019150,1.99,"Feb 6, 2019",0
1019150,1.5,"Feb 6, 2019",0
1019150,1.99,"Feb 6, 2019",0
1019190,5.99,"Mar 3, 2021",0
1019190,4.53,"Mar 3, 2021",0
1019190,5.99,"Mar 3, 2021",0
1019240,4.99,"Oct 10, 2019",0
1019240,3.55,"Oct 10, 2019",0
1019240,4.99,"Oct 10, 2019",0
1019250,0.0,"Feb 22, 2019",0
1019250,0.0,"Feb 22, 2019",0
1019250,0.0,"Feb 22, 2019",0
1019310,14.99,"May 12, 2020",946
1019310,9.05,"May 12, 2020",946
1019310,14.99,"May 12, 2020",946
1019340,0.0,"Sep 18, 2019",0
1019340,0.0,"Sep 18, 2019",0
1019340,0.0,"Sep 18, 2019",0
1019370,8.99,"Mar 22, 2019",0
1019370,6.9,"Mar 22, 2019",0
1019370,8.99,"Mar 22, 2019",0
1019400,0.0,"Oct 7, 2019",0
1019400,0.0,"Oct 7, 2019",0
1019400,0.0,"Oct 7, 2019",0
1019420,0.0,"Mar 28, 2019",136
1019420,0.0,"Mar 28, 2019",136
1019420,0.0,"Mar 28, 2019",136
1019450,17.99,"Feb 14, 2020",360
1019450,12.65,"Feb 14, 2020",360
1019450,17.99,"Feb 14, 2020",360
1019550,19.99,"Nov 5, 2020",1288
1019550,14.17,"Nov 5, 2020",1288
1019550,19.99,"Nov 5, 2020",1288
1019590,9.99,"Jun 18, 2019",106
1019590,6.59,"Jun 18, 2019",106
1019590,9.99,"Jun 18, 2019",106
1019630,0.99,"Mar 21, 2019",0
1019630,0.84,"Mar 21, 2019",0
1019630,0.99,"Mar 21, 2019",0
1019730,8.99,"Nov 20, 2019",0
1019730,6.9,"Nov 20, 2019",0
1019730,8.99,"Nov 20, 2019",0
1019790,0.0,"May 7, 2019",0
1019790,0.0,"May 7, 2019",0
1019790,0.0,"May 7, 2019",0
1019820,19.99,"Jun 28, 2019",0
1019820,16.27,"Jun 28, 2019",0
1019820,19.99,"Jun 28, 2019",0
1019910,3.99,"Aug 14, 2020",0
1019910,2.57,"Aug 14, 2020",0
1019910,3.99,"Aug 14, 2020",0
1019920,5.99,"Apr 24, 2019",111
1019920,4.9,"Apr 24, 2019",111
1019920,5.99,"Apr 24, 2019",111
1020030,19.99,"Sep 10, 2020",0
1020030,12.49,"Sep 10, 2020",0
1020030,19.99,"Sep 10, 2020",0
1020050,12.99,"Jul 30, 2020",0
1020050,10.98,"Jul 30, 2020",0
1020050,12.99,"Jul 30, 2020",0
1020090,8.99,"Feb 27, 2019",0
1020090,7.4,"Feb 27, 2019",0
1020090,8.99,"Feb 27, 2019",0
1020270,14.99,"Apr 4, 2019",163
1020270,10.31,"Apr 4, 2019",163
1020270,14.99,"Apr 4, 2019",163
1020310,2.49,"Feb 19, 2021",0
1020310,2.04,"Feb 19, 2021",0
1020310,2.49,"Feb 19, 2021",0
1020330,0.99,"Aug 27, 2019",0
1020330,0.78,"Aug 27, 2019",0
1020330,0.99,"Aug 27, 2019",0
1020340,29.99,"Nov 5, 2019",562
1020340,25.83,"Nov 5, 2019",562
1020340,29.99,"Nov 5, 2019",562
1020390,19.99,"Feb 15, 2019",0
1020390,17.34,"Feb 15, 2019",0
1020390,19.99,"Feb 15, 2019",0
1020410,0.0,"May 16, 2019",0
1020410,0.0,"May 16, 2019",0
1020410,0.0,"May 16, 2019",0
1020440,1.19,"Mar 15, 2020",0
1020440,0.92,"Mar 15, 2020",0
1020440,1.19,"Mar 15, 2020",0
1020450,3.63,"Mar 10, 2023",0
1020450,2.85,"Mar 10, 2023",0
1020450,3.63,"Mar 10, 2023",0
1020470,19.99,"Feb 7, 2019",1318
1020470,12.63,"Feb 7, 2019",1318
1020470,19.99,"Feb 7, 2019",1318
1020490,0.59,"Feb 20, 2019",0
1020490,0.53,"Feb 20, 2019",0
1020490,0.59,"Feb 20, 2019",0
1020540,11.99,"Sep 24, 2019",201
1020540,10.65,"Sep 24, 2019",201
1020540,11.99,"Sep 24, 2019",201
1020550,13.99,"May 2, 2025",0
1020550,10.33,"May 2, 2025",0
1020550,13.99,"May 2, 2025",0
1020590,1.99,"Mar 29, 2019",0
1020590,1.21,"Mar 29, 2019",0
1020590,1.99,"Mar 29, 2019",0
1020610,0.99,"Feb 25, 2019",0
1020610,0.67,"Feb 25, 2019",0
1020610,0.99,"Feb 25, 2019",0
1020640,0.0,"Feb 15, 2019",0
1020640,0.0,"Feb 15, 2019",0
1020640,0.0,"Feb 15, 2019",0
1020650,1.99,"Mar 1, 2019",0
1020650,1.08,"Mar 1, 2019",0
1020650,1.99,"Mar 1, 2019",0
1020730,8.99,"Jul 12, 2020",507
1020730,7.12,"Jul 12, 2020",507
1020730,8.99,"Jul 12, 2020",507
1020780,0.0,"May 22, 2020",0
1020780,0.0,"May 22, 2020",0
1020780,0.0,"May 22, 2020",0
1020790,23.99,"Nov 16, 2023",3239
1020790,15.1,"Nov 16, 2023",3239
1020790,23.99,"Nov 16, 2023",3239
1020800,18.99,"Feb 20, 2020",571
1020800,13.09,"Feb 20, 2020",571
1020800,18.99,"Feb 20, 2020",571
1020820,5.99,"Feb 27, 2019",740
1020820,3.94,"Feb 27, 2019",740
1020820,5.99,"Feb 27, 2019",740
1020830,0.99,"Feb 14, 2019",0
1020830,0.51,"Feb 14, 2019",0
1020830,0.99,"Feb 14, 2019",0
1020840,1.99,"May 6, 2019",0
1020840,1.27,"May 6, 2019",0
1020840,1.99,"May 6, 2019",0
1020910,0.0,"Jul 22, 2023",0
1020910,0.0,"Jul 22, 2023",0
1020910,0.0,"Jul 22, 2023",0
1020940,1.99,"Apr 3, 2019",0
1020940,1.17,"Apr 3, 2019",0
1020940,1.99,"Apr 3, 2019",0
1020980,9.99,"Apr 19, 2019",0
1020980,8.46,"Apr 19, 2019",0
1020980,9.99,"Apr 19, 2019",0
1021060,0.99,"Mar 29, 2019",0
1021060,0.66,"Mar 29, 2019",0
1021060,0.99,"Mar 29, 2019",0
1021070,19.99,"Sep 30, 2019",350
1021070,17.26,"Sep 30, 2019",350
1021070,19.99,"Sep 30, 2019",350
1021100,19.99,"Apr 20, 2022",1084
1021100,12.62,"Apr 20, 2022",1084
1021100,19.99,"Apr 20, 2022",1084
1021120,0.99,"Feb 22, 2019",0
1021120,0.55,"Feb 22, 2019",0
1021120,0.99,"Feb 22, 2019",0
1021210,22.49,"Jun 2, 2025",2009
1021210,14.17,"Jun 2, 2025",2009
1021210,22.49,"Jun 2, 2025",2009
1021220,1.99,"Sep 19, 2019",0
1021220,1.39,"Sep 19, 2019",0
1021220,1.99,"Sep 19, 2019",0
1021260,1.99,"Feb 6, 2019",0
1021260,1.33,"Feb 6, 2019",0
1021260,1.99,"Feb 6, 2019",0
1021290,0.99,"Feb 22, 2019",0
1021290,0.62,"Feb 22, 2019",0
1021290,0.99,"Feb 22, 2019",0
1021370,4.99,"Mar 27, 2019",0
1021370,3.43,"Mar 27, 2019",0
1021370,4.99,"Mar 27, 2019",0
1021640,2.99,"Mar 5, 2019",0
1021640,1.98,"Mar 5, 2019",0
1021640,2.99,"Mar 5, 2019",0
1021670,10.99,"Apr 24, 2019",215
1021670,9.77,"Apr 24, 2019",215
1021670,10.99,"Apr 24, 2019",215
1021690,1.99,"Mar 5, 2019",149
1021690,1.1,"Mar 5, 2019",149
1021690,1.99,"Mar 5, 2019",149
1021700,0.0,"Jun 24, 2019",0
1021700,0.0,"Jun 24, 2019",0
1021700,0.0,"Jun 24, 2019",0
1021800,12.99,"Jun 11, 2020",196
1021800,8.52,"Jun 11, 2020",196
1021800,12.99,"Jun 11, 2020",196
1021820,0.49,"Feb 11, 2019",0
1021820,0.43,"Feb 11, 2019",0
1021820,0.49,"Feb 11, 2019",0
1021840,2.99,"Mar 14, 2019",0
1021840,1.81,"Mar 14, 2019",0
1021840,2.99,"Mar 14, 2019",0
1021850,2.99,"Feb 14, 2019",0
1021850,2.61,"Feb 14, 2019",0
1021850,2.99,"Feb 14, 2019",0
1021860,0.0,"Feb 10, 2019",0
1021860,0.0,"Feb 10, 2019",0
1021860,0.0,"Feb 10, 2019",0
1021890,12.99,"Nov 12, 2020",0
1021890,7.74,"Nov 12, 2020",0
1021890,12.99,"Nov 12, 2020",0
1021940,0.0,"Jun 10, 2021",0
1021940,0.0,"Jun 10, 2021",0
1021940,0.0,"Jun 10, 2021",0
1021950,0.0,"Mar 1, 2019",0
1021950,0.0,"Mar 1, 2019",0
1021950,0.0,"Mar 1, 2019",0
1022010,4.99,"Feb 18, 2019",0
1022010,2.64,"Feb 18, 2019",0
1022010,4.99,"Feb 18, 2019",0
1022130,5.99,"Feb 20, 2019",0
1022130,4.59,"Feb 20, 2019",0
1022130,5.99,"Feb 20, 2019",0
1022150,9.99,"Apr 17, 2020",0
1022150,8.69,"Apr 17, 2020",0
1022150,9.99,"Apr 17, 2020",0
1022160,0.0,"Mar 1, 2019",0
1022160,0.0,"Mar 1, 2019",0
1022160,0.0,"Mar 1, 2019",0
1022180,0.0,"Mar 4, 2019",0
1022180,0.0,"Mar 4, 2019",0
1022180,0.0,"Mar 4, 2019",0
1022270,1.99,"Feb 19, 2019",0
1022270,1.36,"Feb 19, 2019",0
1022270,1.99,"Feb 19, 2019",0
1022280,3.99,"Mar 7, 2019",0
1022280,2.16,"Mar 7, 2019",0
1022280,3.99,"Mar 7, 2019",0
1022310,29.99,"Apr 21, 2020",1048
1022310,23.04,"Apr 21, 2020",1048
1022310,29.99,"Apr 21, 2020",1048
1022370,0.0,"Jun 24, 2019",0
1022370,0.0,"Jun 24, 2019",0
1022370,0.0,"Jun 24, 2019",0
1022380,0.99,"Jul 11, 2019",0
1022380,0.67,"Jul 11, 2019",0
1022380,0.99,"Jul 11, 2019",0
1022480,4.99,"Jun 26, 2019",198
1022480,2.92,"Jun 26, 2019",198
1022480,4.99,"Jun 26, 2019",198
1022530,4.99,"Apr 3, 2019",0
1022530,2.81,"Apr 3, 2019",0
1022530,4.99,"Apr 3, 2019",0
1022630,11.99,"Mar 13, 2019",0
1022630,7.69,"Mar 13, 2019",0
1022630,11.99,"Mar 13, 2019",0
1022650,0.99,"Feb 8, 2019",0
1022650,0.51,"Feb 8, 2019",0
1022650,0.99,"Feb 8, 2019",0
1022710,19.99,"Feb 20, 2020",142
1022710,15.72,"Feb 20, 2020",142
1022710,19.99,"Feb 20, 2020",142
1022770,7.99,"Mar 7, 2019",0
1022770,6.71,"Mar 7, 2019",0
1022770,7.99,"Mar 7, 2019",0
1022780,4.99,"Apr 19, 2019",255
1022780,3.28,"Apr 19, 2019",255
1022780,4.99,"Apr 19, 2019",255
1022860,2.99,"Feb 21, 2019",0
1022860,1.63,"Feb 21, 2019",0
1022860,2.99,"Feb 21, 2019",0
1022870,0.0,"Apr 11, 2019",0
1022870,0.0,"Apr 11, 2019",0
1022870,0.0,"Apr 11, 2019",0
1023010,2.99,"Jul 31, 2019",0
1023010,2.24,"Jul 31, 2019",0
1023010,2.99,"Jul 31, 2019",0
1023020,0.0,"Feb 15, 2019",0
1023020,0.0,"Feb 15, 2019",0
1023020,0.0,"Feb 15, 2019",0
1023040,0.99,"Feb 11, 2019",0
1023040,0.6,"Feb 11, 2019",0
1023040,0.99,"Feb 11, 2019",0
1023130,3.99,"Mar 15, 2019",0
1023130,2.54,"Mar 15, 2019",0
1023130,3.99,"Mar 15, 2019",0
1023140,3.99,"Feb 24, 2023",0
1023140,3.33,"Feb 24, 2023",0
1023140,3.99,"Feb 24, 2023",0
1023260,3.49,"Apr 5, 2019",0
1023260,2.81,"Apr 5, 2019",0
1023260,3.49,"Apr 5, 2019",0
1023310,4.99,"Apr 12, 2019",0
1023310,2.96,"Apr 12, 2019",0
1023310,4.99,"Apr 12, 2019",0
1023370,0.99,"Feb 14, 2019",0
1023370,0.83,"Feb 14, 2019",0
1023370,0.99,"Feb 14, 2019",0
1023390,9.99,"Mar 7, 2020",0
1023390,8.25,"Mar 7, 2020",0
1023390,9.99,"Mar 7, 2020",0
1023510,7.99,"Mar 7, 2019",0
1023510,4.61,"Mar 7, 2019",0
1023510,7.99,"Mar 7, 2019",0
1023520,0.0,"Jun 24, 2019",0
1023520,0.0,"Jun 24, 2019",0
1023520,0.0,"Jun 24, 2019",0
1023550,14.99,"Feb 4, 2021",119
1023550,12.34,"Feb 4, 2021",119
1023550,14.99,"Feb 4, 2021",119
1023570,0.99,"Feb 12, 2019",0
1023570,0.63,"Feb 12, 2019",0
1023570,0.99,"Feb 12, 2019",0
1023680,11.99,"Jan 30, 2020",0
1023680,7.2,"Jan 30, 2020",0
1023680,11.99,"Jan 30, 2020",0
1023690,39.99,"Apr 18, 2019",229
1023690,25.86,"Apr 18, 2019",229
1023690,39.99,"Apr 18, 2019",229
1023740,1.99,"Apr 26, 2019",487
1023740,1.0,"Apr 26, 2019",487
1023740,1.99,"Apr 26, 2019",487
1023790,6.99,"Aug 4, 2021",0
1023790,4.02,"Aug 4, 2021",0
1023790,6.99,"Aug 4, 2021",0
1023860,16.99,"Sep 18, 2020",0
1023860,10.28,"Sep 18, 2020",0
1023860,16.99,"Sep 18, 2020",0
1023870,1.99,"Feb 18, 2019",0
1023870,1.06,"Feb 18, 2019",0
1023870,1.99,"Feb 18, 2019",0
1023970,12.49,"Nov 1, 2019",107
1023970,10.34,"Nov 1, 2019",107
1023970,12.49,"Nov 1, 2019",107
1024010,0.0,"Nov 15, 2019",561
1024010,0.0,"Nov 15, 2019",561
1024010,0.0,"Nov 15, 2019",561
1024070,4.99,"Feb 22, 2019",0
1024070,4.36,"Feb 22, 2019",0
1024070,4.99,"Feb 22, 2019",0
1024100,0.99,"Jul 9, 2019",0
1024100,0.51,"Jul 9, 2019",0
1024100,0.99,"Jul 9, 2019",0
1024120,0.0,"Mar 4, 2025",0
1024120,0.0,"Mar 4, 2025",0
1024120,0.0,"Mar 4, 2025",0
1024150,0.99,"Feb 14, 2019",0
1024150,0.83,"Feb 14, 2019",0
1024150,0.99,"Feb 14, 2019",0
1024160,9.49,"Jul 28, 2022",173
1024160,8.45,"Jul 28, 2022",173
1024160,9.49,"Jul 28, 2022",173
1024210,9.99,"Aug 9, 2019",0
1024210,6.95,"Aug 9, 2019",0
1024210,9.99,"Aug 9, 2019",0
1024220,0.99,"Feb 19, 2019",0
1024220,0.8,"Feb 19, 2019",0
1024220,0.99,"Feb 19, 2019",0
1024280,0.0,"Jun 24, 2019",0
1024280,0.0,"Jun 24, 2019",0
1024280,0.0,"Jun 24, 2019",0
1024380,0.0,"Oct 13, 2020",4887
1024380,0.0,"Oct 13, 2020",4887
1024380,0.0,"Oct 13, 2020",4887
1024400,19.99,"May 21, 2019",0
1024400,14.4,"May 21, 2019",0
1024400,19.99,"May 21, 2019",0
1024440,0.0,"Jun 24, 2019",0
1024440,0.0,"Jun 24, 2019",0
1024440,0.0,"Jun 24, 2019",0
1024480,29.99,"Aug 28, 2020",403
1024480,16.33,"Aug 28, 2020",403
1024480,29.99,"Aug 28, 2020",403
1024490,1.34,"Feb 13, 2019",0
1024490,0.74,"Feb 13, 2019",0
1024490,1.34,"Feb 13, 2019",0
1024500,0.0,"Jun 24, 2019",0
1024500,0.0,"Jun 24, 2019",0
1024500,0.0,"Jun 24, 2019",0
1024570,1.99,"Mar 19, 2019",0
1024570,1.39,"Mar 19, 2019",0
1024570,1.99,"Mar 19, 2019",0
1024590,1.99,"Mar 20, 2019",0
1024590,1.35,"Mar 20, 2019",0
1024590,1.99,"Mar 20, 2019",0
1024650,5.99,"Sep 25, 2020",1296
1024650,4.39,"Sep 25, 2020",1296
1024650,5.99,"Sep 25, 2020",1296
1024670,1.99,"Mar 8, 2019",0
1024670,1.06,"Mar 8, 2019",0
1024670,1.99,"Mar 8, 2019",0
1024690,0.49,"Feb 14, 2019",0
1024690,0.27,"Feb 14, 2019",0
1024690,0.49,"Feb 14, 2019",0
1024720,2.99,"Apr 8, 2019",0
1024720,1.74,"Apr 8, 2019",0
1024720,2.99,"Apr 8, 2019",0
1024730,11.99,"Apr 7, 2019",0
1024730,7.01,"Apr 7, 2019",0
1024730,11.99,"Apr 7, 2019",0
1024790,0.0,"Mar 27, 2019",0
1024790,0.0,"Mar 27, 2019",0
1024790,0.0,"Mar 27, 2019",0
1024800,0.0,"Mar 8, 2019",0
1024800,0.0,"Mar 8, 2019",0
1024800,0.0,"Mar 8, 2019",0
1024890,0.0,"Oct 30, 2020",0
1024890,0.0,"Oct 30, 2020",0
1024890,0.0,"Oct 30, 2020",0
1024950,59.99,"Sep 18, 2020",0
1024950,35.12,"Sep 18, 2020",0
1024950,59.99,"Sep 18, 2020",0
1025000,5.99,"Mar 14, 2019",0
1025000,4.17,"Mar 14, 2019",0
1025000,5.99,"Mar 14, 2019",0
1025050,0.0,"Jun 24, 2019",0
1025050,0.0,"Jun 24, 2019",0
1025050,0.0,"Jun 24, 2019",0
1025130,0.99,"Feb 14, 2019",0
1025130,0.56,"Feb 14, 2019",0
1025130,0.99,"Feb 14, 2019",0
1025140,12.99,"Nov 21, 2019",734
1025140,10.52,"Nov 21, 2019",734
1025140,12.99,"Nov 21, 2019",734
1025160,4.99,"Aug 2, 2019",0
1025160,3.72,"Aug 2, 2019",0
1025160,4.99,"Aug 2, 2019",0
1025200,0.0,"Feb 15, 2019",0
1025200,0.0,"Feb 15, 2019",0
1025200,0.0,"Feb 15, 2019",0
1025240,0.99,"Mar 7, 2019",0
1025240,0.64,"Mar 7, 2019",0
1025240,0.99,"Mar 7, 2019",0
1025410,24.99,"Aug 12, 2020",443
1025410,20.67,"Aug 12, 2020",443
1025410,24.99,"Aug 12, 2020",443
1025430,2.99,"May 29, 2019",0
1025430,2.16,"May 29, 2019",0
1025430,2.99,"May 29, 2019",0
1025440,39.99,"Sep 5, 2019",994
1025440,31.77,"Sep 5, 2019",994
1025440,39.99,"Sep 5, 2019",994
1025460,0.99,"Nov 1, 2019",0
1025460,0.86,"Nov 1, 2019",0
1025460,0.99,"Nov 1, 2019",0
1025480,0.83,"Mar 20, 2019",0
1025480,0.47,"Mar 20, 2019",0
1025480,0.83,"Mar 20, 2019",0
1025890,0.0,"Oct 4, 2019",0
1025890,0.0,"Oct 4, 2019",0
1025890,0.0,"Oct 4, 2019",0
1025900,1.99,"Jan 17, 2025",0
1025900,1.63,"Jan 17, 2025",0
1025900,1.99,"Jan 17, 2025",0
1025920,0.0,"Jun 24, 2019",0
1025920,0.0,"Jun 24, 2019",0
1025920,0.0,"Jun 24, 2019",0
1025960,39.99,"Nov 29, 2021",1861
1025960,25.9,"Nov 29, 2021",1861
1025960,39.99,"Nov 29, 2021",1861
1026030,0.0,"Jun 24, 2019",0
1026030,0.0,"Jun 24, 2019",0
1026030,0.0,"Jun 24, 2019",0
1026070,11.99,"Oct 24, 2019",0
1026070,8.29,"Oct 24, 2019",0
1026070,11.99,"Oct 24, 2019",0
1026080,3.99,"Feb 22, 2019",0
1026080,2.89,"Feb 22, 2019",0
1026080,3.99,"Feb 22, 2019",0
1026110,0.0,"May 20, 2019",0
1026110,0.0,"May 20, 2019",0
1026110,0.0,"May 20, 2019",0
1026130,2.49,"Apr 2, 2019",103
1026130,1.35,"Apr 2, 2019",103
1026130,2.49,"Apr 2, 2019",103
1026160,7.99,"Aug 14, 2019",202
1026160,6.73,"Aug 14, 2019",202
1026160,7.99,"Aug 14, 2019",202
1026190,0.0,"Jun 24, 2019",0
1026190,0.0,"Jun 24, 2019",0
1026190,0.0,"Jun 24, 2019",0
1026200,0.0,"Jun 24, 2019",0
1026200,0.0,"Jun 24, 2019",0
1026200,0.0,"Jun 24, 2019",0
1026210,0.0,"Feb 19, 2019",0
1026210,0.0,"Feb 19, 2019",0
1026210,0.0,"Feb 19, 2019",0
1026390,1.99,"Mar 31, 2019",0
1026390,1.66,"Mar 31, 2019",0
1026390,1.99,"Mar 31, 2019",0
1026400,4.99,"Mar 5, 2019",305
1026400,3.81,"Mar 5, 2019",305
1026400,4.99,"Mar 5, 2019",305
1026420,0.0,"Oct 2, 2019",541
1026420,0.0,"Oct 2, 2019",541
1026420,0.0,"Oct 2, 2019",541
